report_month,report_available,report_key,report_url,table_heading_printed,table_heading_note,table_rows,rows_reprinted_from_earlier_report,table_rows_net,printed_count,printed_ytd,printed_prior_year_count,printed_prior_year_ytd,count_line_is_copy_of_previous_month,count_in_next_year_report,ytd_in_next_year_report,ytd_chain,count_derived_from_ytd,count_best,count_basis,gap_count_minus_rows,table_repeats_previous_month,no_inspections_statement,count_line_method,count_line_header,count_line_values
2015-07,True,WB20170124220234_DSC-Monthly-Staff-Report-July-20151.pdf,https://web.archive.org/web/20170124220234id_/http://www.prospertx.gov/wp-content/uploads/DSC-Monthly-Staff-Report-July-20151.pdf,,,0,0,0,,,,,False,,,no printed count,,,,,,,,,
2015-08,True,WB20161228105727_DSC-Monthly-Staff-Report-_E2_80_93-August-2015.pdf,https://web.archive.org/web/20161228105727id_/http://www.prospertx.gov/wp-content/uploads/DSC-Monthly-Staff-Report-%E2%80%93-August-2015.pdf,,,0,0,0,,,,,False,,,no printed count,,,,,,,,,
2015-09,True,WB20170124221453_DSC-Monthly-Staff-Report-September-2015.pdf,https://web.archive.org/web/20170124221453id_/http://www.prospertx.gov/wp-content/uploads/DSC-Monthly-Staff-Report-September-2015.pdf,,,0,0,0,,,,,False,,,no printed count,,,,,,,,,
2015-10,True,WB20161228112403_Development-and-Community-Services-Monthly-Staff-Report-_E2_80_93-October-2015.pdf,https://web.archive.org/web/20161228112403id_/http://www.prospertx.gov/wp-content/uploads/Development-and-Community-Services-Monthly-Staff-Report-%E2%80%93-October-2015.pdf,,,0,0,0,8,,,,False,,,not checkable,,8,"narrative sentence in this month's report (""Eight (8) Health Inspections were performed in October""); no YTD printed",,,,narrative sentence,,8
2015-11,True,WB20170124221200_DSC-Monthly-Staff-Report-November-2015.pdf,https://web.archive.org/web/20170124221200id_/http://www.prospertx.gov/wp-content/uploads/DSC-Monthly-Staff-Report-November-2015.pdf,,,0,0,0,7,,,,False,,,not checkable,,7,"narrative sentence in this month's report (""Seven (7) Health Inspections were performed in November""); no YTD printed",,,,narrative sentence,,7
2015-12,True,WB20161225015947_DSC-Monthly-Staff-Report-December-2015-1.pdf,https://web.archive.org/web/20161225015947id_/http://www.prospertx.gov/wp-content/uploads/DSC-Monthly-Staff-Report-December-2015-1.pdf,,,0,0,0,16,,,,False,,,not checkable,,16,"narrative sentence in this month's report (""Sixteen (16) Health Inspections were performed in December""); no YTD printed",,,,narrative sentence,,16
2016-01,True,WB20170113210008_Monthly-Development-Report-January-2016-Reduced.pdf,https://web.archive.org/web/20170113210008id_/http://www.prospertx.gov/wp-content/uploads/Monthly-Development-Report-January-2016-Reduced.pdf,Monthly Health Permits,"table on p.14 is titled 'Monthly Health Permits', not an inspections title",1,0,1,,,,,False,,,no printed count,,,,,,,,,
2016-02,True,WB20161228104852_Monthly-Development-Report-February-2016-1.pdf,https://web.archive.org/web/20161228104852id_/http://www.prospertx.gov/wp-content/uploads/Monthly-Development-Report-February-2016-1.pdf,February 2016 Health Inspections,,14,0,14,,,,,False,,,no printed count,,,,,,,,,
2016-03,True,WB20161228103804_Monthly-Development-Report-March-2016.pdf,https://web.archive.org/web/20161228103804id_/http://www.prospertx.gov/wp-content/uploads/Monthly-Development-Report-March-2016.pdf,March 2016 Health Inspections,,21,0,21,,,,,False,,,no printed count,,,,,,,,,
2016-04,True,WB20160615232257_Monthly-Development-Report-April-2016.pdf,https://web.archive.org/web/20160615232257id_/http://www.prospertx.gov:80/wp-content/uploads/Monthly-Development-Report-April-2016.pdf,April 2016 Health Inspections,,5,0,5,,,,,False,,,no printed count,,,,,,,,,
2016-05,True,WB20161228102628_Monthly-Development-Report-May-2016.pdf,https://web.archive.org/web/20161228102628id_/http://www.prospertx.gov/wp-content/uploads/Monthly-Development-Report-May-2016.pdf,May 2016 Health Inspections,,3,0,3,,,,,False,,,no printed count,,,,,,,,,
2016-06,True,WB20160910062539_Development-Services-June-2016.pdf,https://web.archive.org/web/20160910062539id_/http://www.prospertx.gov:80/wp-content/uploads/Development-Services-June-2016.pdf,June 2016 Health Inspections,,3,0,3,,,,,False,,,no printed count,,,,,,,,,
2016-07,True,WB20170113205744_Monthly-Development-Report-July-2016.pdf,https://web.archive.org/web/20170113205744id_/http://www.prospertx.gov/wp-content/uploads/Monthly-Development-Report-July-2016.pdf,July 2016 Health Inspections,,14,0,14,,,,,False,,,no printed count,,,,,,,,,
2016-08,True,WB20170113205724_Development-Services-Monthly-Report-August-2016.pdf,https://web.archive.org/web/20170113205724id_/http://www.prospertx.gov/wp-content/uploads/Development-Services-Monthly-Report-August-2016.pdf,August 2016 Health Inspections,,15,0,15,,,,,False,,,no printed count,,,,,,,,,
2016-09,True,WB20161225020657_Monthly-Development-Report-September-2016.pdf,https://web.archive.org/web/20161225020657id_/http://www.prospertx.gov/wp-content/uploads/Monthly-Development-Report-September-2016.pdf,Health Inspections,,2,0,2,,,,,False,,,no printed count,,,,,,,,,
2016-10,True,WB20170113205541_Monthly-Development-Report-October-2016.pdf,https://web.archive.org/web/20170113205541id_/http://www.prospertx.gov/wp-content/uploads/Monthly-Development-Report-October-2016.pdf,Health Inspections,,11,0,11,,,,,False,,,no printed count,,,,,,,,,
2016-11,True,WB20170113205511_Monthly-Development-Report-November-2016.pdf,https://web.archive.org/web/20170113205511id_/http://www.prospertx.gov/wp-content/uploads/Monthly-Development-Report-November-2016.pdf,Health Inspections,,11,0,11,,,,,False,,,no printed count,,,,,,,,,
2016-12,True,WB20170828055511_Monthly-Development-Report-December-2016.pdf,https://web.archive.org/web/20170828055511id_/http://www.prospertx.gov/wp-content/uploads/Monthly-Development-Report-December-2016.pdf,,,0,0,0,,,,,False,,,no printed count,,0,the report states no health inspections were performed,0,,No Health Inspections were performed in December 2016,,,
2017-01,True,WB20170828071615_Monthly-Development-Report-January-2017.pdf,https://web.archive.org/web/20170828071615id_/http://www.prospertx.gov/wp-content/uploads/Monthly-Development-Report-January-2017.pdf,Health Inspections,,22,0,22,,,,,False,,,no printed count,,,,,,,,,
2017-02,True,WB20170828071531_Monthly-Development-Report-February-2017-1.pdf,https://web.archive.org/web/20170828071531id_/http://www.prospertx.gov/wp-content/uploads/Monthly-Development-Report-February-2017-1.pdf,Health Inspections,,9,0,9,,,,,False,,,no printed count,,,,,,,,,
2017-03,True,WB20170828082725_Monthly-Development-Report-March-2017.pdf,https://web.archive.org/web/20170828082725id_/http://www.prospertx.gov/wp-content/uploads/Monthly-Development-Report-March-2017.pdf,Health Inspections,,5,0,5,,,,,False,,,no printed count,,,,,,,,,
2017-04,True,WB20170828053341_Monthly-Development-Report-April-2017.pdf,https://web.archive.org/web/20170828053341id_/http://www.prospertx.gov/wp-content/uploads/Monthly-Development-Report-April-2017.pdf,Health Inspections,,11,0,11,,,,,False,,,no printed count,,,,,,,,,
2017-05,False,,,,,,,,,,,,False,,,no report,,,,,,,,,
2017-06,False,,,,,,,,,,,,False,,,no report,,,,,,,,,
2017-07,False,,,,,,,,,,,,False,,,no report,,,,,,,,,
2017-08,False,,,,,,,,,,,,False,,,no report,,,,,,,,,
2017-09,False,,,,,,,,,,,,False,,,no report,,,,,,,,,
2017-10,False,,,,,,,,,,,,False,,,no report,,,,,,,,,
2017-11,False,,,,,,,,,,,,False,,,no report,,,,,,,,,
2017-12,False,,,,,,,,,,,,False,,,no report,,,,,,,,,
2018-01,False,,,,,,,,,,,,False,,,no report,,,,,,,,,
2018-02,False,,,,,,,,,,,,False,,,no report,,,,,,,,,
2018-03,False,,,,,,,,,,,,False,,,no report,,,,,,,,,
2018-04,False,,,,,,,,,,,,False,,,no report,,,,,,,,,
2018-05,False,,,,,,,,,,,,False,,,no report,,,,,,,,,
2018-06,False,,,,,,,,,,,,False,,,no report,,,,,,,,,
2018-07,False,,,,,,,,,,,,False,,,no report,,,,,,,,,
2018-08,False,,,,,,,,,,,,False,,,no report,,,,,,,,,
2018-09,False,,,,,,,,,,,,False,,,no report,,,,,,,,,
2018-10,False,,,,,,,,,,,,False,,,no report,,,,,,,,,
2018-11,False,,,,,,,,,,,,False,,,no report,,,,,,,,,
2018-12,False,,,,,,,,,,,,False,,,no report,,,,,,,,,
2019-01,False,,,,,,,,,,,,False,,,no report,11,,,,,,,,
2019-02,True,WB20201030221858_Development-Services-Monthly-Report-February-2019.pdf,https://web.archive.org/web/20201030221858id_/https://www.prospertx.gov/wp-content/uploads/Development-Services-Monthly-Report-February-2019.pdf,"Health Inspections, February 2019",,8,0,8,31,42,,,False,,,not checkable,,31,printed in this month's report; YTD chain not checkable,23,,,chart_two_values; month/YTD assigned by magnitude (inferred),,42 31
2019-03,False,,,,,,,,,,,,False,47,93,no report,51,47,next year's report (no report for this month),,,,,,
2019-04,False,,,,,,,,,,,,False,47,140,no report,47,47,next year's report (no report for this month),,,,,,
2019-05,False,,,,,,,,,,,,False,,,no report,,,,,,,,,
2019-06,False,,,,,,,,,,,,False,101,317,no report,,101,next year's report (no report for this month),,,,,,
2019-07,True,WB20201030205337_Development-Services-Monthly-Report-June-2019-1.pdf,https://web.archive.org/web/20201030205337id_/https://www.prospertx.gov/wp-content/uploads/Development-Services-Monthly-Report-June-2019-1.pdf,"Health Inspections, July 2019",,11,0,11,,,,,False,51,368,no printed count,51,51,next year's report (no count in this month's report),40,,,,,
2019-08,True,WB20201030235521_Development-Services-Monthly-Report-August-2019-1.pdf,https://web.archive.org/web/20201030235521id_/https://www.prospertx.gov/wp-content/uploads/Development-Services-Monthly-Report-August-2019-1.pdf,"Health Inspections, August 2019",,44,0,44,,,,,False,83,451,no printed count,83,83,next year's report (no count in this month's report),39,,,,,
2019-09,False,,,,,,,,,,,,False,51,502,no report,51,51,next year's report (no report for this month),,,,,,
2019-10,False,,,,,,,,,,,,False,55,557,no report,55,55,next year's report (no report for this month),,,,,,
2019-11,False,,,,,,,,,,,,False,54,611,no report,54,54,next year's report (no report for this month),,,,,,
2019-12,True,WB20201030235442_Development-Services-Monthly-Report-December-2019.pdf,https://web.archive.org/web/20201030235442id_/https://www.prospertx.gov/wp-content/uploads/Development-Services-Monthly-Report-December-2019.pdf,"Health Inspections, December 2019",,21,0,21,,,,,False,47,658,no printed count,47,47,next year's report (no count in this month's report),26,,,,,
2020-01,False,,,,,,,,,,,,False,47,,no report,47,47,next year's report (no report for this month),,,,,,
2020-02,False,,,,,,,,,,,,False,51,98,no report,51,51,next year's report (no report for this month),,,,,,
2020-03,True,WB20201030205321_Development-Services-Monthly-Report-March-2020.pdf,https://web.archive.org/web/20201030205321id_/https://www.prospertx.gov/wp-content/uploads/2020/04/Development-Services-Monthly-Report-March-2020.pdf,"Health Inspections, March 2020",,12,0,12,38,136,47,93,False,38,136,ok,38,38,printed in this month's report; YTD chain ok,26,,,table_header,Health & Code Compliance Inspections and Permits | March 2019 | March 2020 | YTD 2019 | YTD 2020,47 38 93 136
2020-04,True,WB20201031112459_Development-Services-Monthly-Report-April-2020.pdf,https://web.archive.org/web/20201031112459id_/https://www.prospertx.gov/wp-content/uploads/2020/05/Development-Services-Monthly-Report-April-2020.pdf,"Health Inspections, April 2020",,27,0,27,27,163,47,140,False,27,163,ok,27,27,printed in this month's report; YTD chain ok,0,,,table_header,Health & Code Compliance Inspections and Permits | April 2019 | April 2020 | YTD 2019 | YTD 2020,47 27 140 163
2020-05,False,,,,,,,,,,,,False,76,239,no report,76,76,next year's report (no report for this month),,,,,,
2020-06,True,ADID85,https://www.prospertx.gov/Archive.aspx?ADID=85,"Health Inspections, June 2020",,61,0,61,63,302,101,317,False,63,302,ok,63,63,printed in this month's report; YTD chain ok,2,,,table_header,Health & Code Compliance Inspections and Permits | June 2019 | June 2020 | YTD 2019 | YTD 2020,101 63 317 302
2020-07,True,ADID84,https://www.prospertx.gov/Archive.aspx?ADID=84,"Health Inspections, July 2020",,54,0,54,54,356,51,368,False,54,356,ok,54,54,printed in this month's report; YTD chain ok,0,,,table_header,July 2019 | July 2020 | YTD 2019 | YTD 2020,51 54 368 356
2020-08,True,ADID83,https://www.prospertx.gov/Archive.aspx?ADID=83,"Health Inspections, August 2020",,46,0,46,51,407,83,451,False,51,407,ok,51,51,printed in this month's report; YTD chain ok,5,,,table_header,August 2019 | August 2020 | YTD 2019 | YTD 2020,83 51 451 407
2020-09,True,ADID89,https://www.prospertx.gov/Archive.aspx?ADID=89,"Health Inspections, September 2020",,20,0,20,33,440,51,502,False,33,440,ok,33,33,printed in this month's report; YTD chain ok,13,,,table_header,September 2019 | September 2020 | YTD 2019 | YTD 2020,51 33 502 440
2020-10,True,ADID88,https://www.prospertx.gov/Archive.aspx?ADID=88,"Health Inspection Results, October 2020",,28,0,28,46,486,55,557,False,46,486,ok,46,46,printed in this month's report; YTD chain ok,18,,,table_header,"Health & Code Compliance Inspections, October 2020 | October 2019 | October 2020 | YTD 2019 | YTD 2020",55 46 557 486
2020-11,True,ADID87,https://www.prospertx.gov/Archive.aspx?ADID=87,"Health Inspection Results, November 2020",,22,0,22,49,535,54,611,False,49,535,ok,49,49,printed in this month's report; YTD chain ok,27,,,table_header,"Health & Code Compliance Inspections, November 2020 | November 2019 | November 2020 | YTD 2019 | YTD 2020",54 49 611 535
2020-12,True,ADID86,https://www.prospertx.gov/Archive.aspx?ADID=86,"Health Inspection Results, December 2020",,43,0,43,84,619,47,658,False,84,619,ok,84,84,printed in this month's report; YTD chain ok,41,,,table_header,"Health & Code Compliance Inspections, December 2020 | December 2019 | December 2020 | YTD 2019 | YTD 2020",47 84 658 619
2021-01,True,ADID71,https://www.prospertx.gov/Archive.aspx?ADID=71,"Health Inspection Results, January 2021",,26,0,26,84,,47,,False,40,,mismatch (YTD implied by February = 40),40,40,"next year's report, agreeing with the YTD totals (this month's printed count fails the YTD chain)",14,,,table_header,"Health & Code Compliance Inspections, January 2021 | January 2020 | January 2021",47 84
2021-02,True,ADID72,https://www.prospertx.gov/Archive.aspx?ADID=72,"Health Inspection Results, February 2021",,26,0,26,43,83,51,98,False,43,83,ok,43,43,printed in this month's report; YTD chain ok,17,,,table_header,"Health & Code Compliance Inspections, February 2021 | February 2020 | YTD 2020 | February 2021 | YTD 2021",51 98 43 83
2021-03,True,ADID73,https://www.prospertx.gov/Archive.aspx?ADID=73,"Health Inspection Results, March 2021",,43,0,43,47,130,38,136,False,47,130,ok,47,47,printed in this month's report; YTD chain ok,4,,,table_header,"Health & Code Compliance Inspections, March 2021 | March 2020 | YTD 2020 | March 2021 | YTD 2021",38 136 47 130
2021-04,True,ADID74,https://www.prospertx.gov/Archive.aspx?ADID=74,"Health Inspection Results, April 2021",,46,0,46,47,177,27,163,False,47,177,ok,47,47,printed in this month's report; YTD chain ok,1,,,table_header,"Health & Code Compliance Inspections, April 2021 | April 2020 | YTD 2020 | April 2021 | YTD 2021",27 163 47 177
2021-05,True,ADID75,https://www.prospertx.gov/Archive.aspx?ADID=75,"Health Inspection Results, May 2021",,60,0,60,62,239,76,239,False,62,239,ok,62,62,printed in this month's report; YTD chain ok,2,,,table_header,"Health & Code Compliance Inspections, May 2021 | May 2020 | YTD 2020 | May 2021 | YTD 2021",76 239 62 239
2021-06,True,ADID76,https://www.prospertx.gov/Archive.aspx?ADID=76,"Health Inspection Results, June 2021",,61,0,61,62,301,63,302,False,62,301,ok,62,62,printed in this month's report; YTD chain ok,1,,,table_header,"Health & Code Compliance Inspections, June 2021 | June 2020 | YTD 2020 | June 2021 | YTD 2021",63 302 62 301
2021-07,True,ADID77,https://www.prospertx.gov/Archive.aspx?ADID=77,"Health Inspection Results, July 2021",,66,0,66,69,370,54,356,False,56,370,ok,69,69,printed in this month's report; YTD chain ok,3,,,table_header,"Health & Code Compliance Inspections, July 2021 | July 2020 | YTD 2020 | July 2021 | YTD 2021",54 356 69 370
2021-08,True,ADID78,https://www.prospertx.gov/Archive.aspx?ADID=78,"Health Inspection Results, August 2021",,56,0,56,56,426,51,407,False,56,426,ok,56,56,printed in this month's report; YTD chain ok,0,,,table_header,"Health & Code Compliance Inspections, August 2021 | August 2020 | YTD 2020 | August 2021 | YTD 2021",51 407 56 426
2021-09,True,ADID79,https://www.prospertx.gov/Archive.aspx?ADID=79,"Health Inspection Results, September 2021",,71,0,71,80,506,33,440,False,80,506,ok,80,80,printed in this month's report; YTD chain ok,9,,,table_header,"Health & Code Compliance Inspections, September 2021 | September 2020 | YTD 2020 | September 2021 | YTD 2021",33 440 80 506
2021-10,True,ADID80,https://www.prospertx.gov/Archive.aspx?ADID=80,"Health Inspection Results, October 2021",,89,0,89,89,595,46,486,False,89,595,ok,89,89,printed in this month's report; YTD chain ok,0,,,table_header,"Health & Code Compliance Inspections, October 2021 | October 2020 | YTD 2020 | October 2021 | YTD 2021",46 486 89 595
2021-11,True,ADID81,https://www.prospertx.gov/Archive.aspx?ADID=81,"Health Inspection Results, November 2021",,56,0,56,56,651,49,535,False,56,651,ok,56,56,printed in this month's report; YTD chain ok,0,,,table_header,"Health & Code Compliance Inspections, November 2021 | November 2020 | YTD 2020 | November 2021 | YTD 2021",49 535 56 651
2021-12,True,ADID82,https://www.prospertx.gov/Archive.aspx?ADID=82,"Health Inspection Results, December 2021",,68,0,68,69,720,84,619,False,69,720,ok,69,69,printed in this month's report; YTD chain ok,1,,,table_header,"Health & Code Compliance Inspections, December 2021 | December 2020 | YTD 2020 | December 2021 | YTD 2021",84 619 69 720
2022-01,True,ADID61,https://www.prospertx.gov/Archive.aspx?ADID=61,"Health Inspection Results, January 2022",,20,0,20,19,,40,,False,19,19,ok,19,19,printed in this month's report; YTD chain ok,-1,,,table_header,"Health & Code Compliance Inspections, January 2022 | January 2021 | January 2022",40 19
2022-02,True,ADID60,https://www.prospertx.gov/Archive.aspx?ADID=60,"Health Inspection Results, February 2022",,18,0,18,18,37,43,83,False,19,37,ok,18,18,printed in this month's report; YTD chain ok,0,,,table_header,"Health & Code Compliance Inspections, February 2022 | February 2021 | YTD 2021 | February 2022 | YTD 2022",43 83 18 37
2022-03,True,ADID63,https://www.prospertx.gov/Archive.aspx?ADID=63,"Health Inspection Results, March 2022",,28,0,28,28,65,47,130,False,28,65,ok,28,28,printed in this month's report; YTD chain ok,0,,,table_header,"Health & Code Compliance Inspections, March 2022 | March 2021 | YTD 2021 | March 2022 | YTD 2022",47 130 28 65
2022-04,True,ADID62,https://www.prospertx.gov/Archive.aspx?ADID=62,"Health Inspection Results, April 2022",,69,0,69,71,136,47,177,False,71,136,ok,71,71,printed in this month's report; YTD chain ok,2,,,table_header,"Health & Code Compliance Inspections, April 2022 | April 2021 | YTD 2021 | April 2022 | YTD 2022",47 177 71 136
2022-05,True,ADID64,https://www.prospertx.gov/Archive.aspx?ADID=64,"Health Inspection Results, May 2022",,54,0,54,54,190,62,239,False,71,191,ok,54,54,printed in this month's report; YTD chain ok,0,,,table_header,"Health & Code Compliance Inspections, May 2022 | May 2021 | YTD 2021 | May 2022 | YTD 2022",62 239 54 190
2022-06,True,ADID66,https://www.prospertx.gov/Archive.aspx?ADID=66,"Health Inspection Results, June 2022",,43,0,43,43,234,62,301,False,43,234,mismatch (previous YTD 190 + 43 != 234),44,43,printed in this month's report and again in next year's; YTD totals disagree,0,,,table_header,"Health & Code Compliance Inspections, June 2022 | June 2021 | YTD 2021 | June 2022 | YTD 2022",62 301 43 234
2022-07,True,ADID65,https://www.prospertx.gov/Archive.aspx?ADID=65,"Health Inspection Results, July 2022",,25,0,25,25,259,56,370,False,25,37,ok,25,25,printed in this month's report; YTD chain ok,0,,,table_header,"Health & Code Compliance Inspections, July 2022 | July 2021 | YTD 2021 | July 2022 | YTD 2022",56 370 25 259
2022-08,True,ADID68,https://www.prospertx.gov/Archive.aspx?ADID=68,"Health Inspection Results, August 2022",,54,0,54,53,312,56,426,False,53,312,ok,53,53,printed in this month's report; YTD chain ok,-1,,,table_header,"Health & Code Compliance Inspections, August 2022 | August 2021 | YTD 2021 | August 2022 | YTD 2022",56 426 53 312
2022-09,True,ADID67,https://www.prospertx.gov/Archive.aspx?ADID=67,"Health Inspection Results, September 2022",,87,0,87,87,399,80,506,False,,,ok,87,87,printed in this month's report; YTD chain ok,0,,,table_header,"Health & Code Compliance Inspections, September 2022 | September 2021 | YTD 2021 | September 2022 | YTD 2022",80 506 87 399
2022-10,True,ADID70,https://www.prospertx.gov/Archive.aspx?ADID=70,"Health Inspection Results, October 2022",,40,0,40,40,439,89,595,False,40,439,ok,40,40,printed in this month's report; YTD chain ok,0,,,table_header,"Health & Code Compliance Inspections, October 2022 | October 2021 | YTD 2021 | October 2022 | YTD 2022",89 595 40 439
2022-11,True,ADID69,https://www.prospertx.gov/Archive.aspx?ADID=69,"Health Inspection Results, November 2022",,45,0,45,46,485,56,651,False,,,ok,46,46,printed in this month's report; YTD chain ok,1,,,table_header,"Health & Code Compliance Inspections, November 2022 | November 2021 | YTD 2021 | November 2022 | YTD 2022",56 651 46 485
2022-12,True,ADID350,https://www.prospertx.gov/Archive.aspx?ADID=350,"Health Inspection Results, December 2022",,15,0,15,15,500,69,720,False,,,ok,15,15,printed in this month's report; YTD chain ok,0,,,table_header,"Health & Code Compliance Inspections, December 2022 | December 2021 | YTD 2021 | December 2022 | YTD 2022",69 720 15 500
2023-01,True,ADID351,https://www.prospertx.gov/Archive.aspx?ADID=351,"Health Inspection Results, January 2023",,19,0,19,19,19,19,19,False,19,19,ok,19,19,printed in this month's report; YTD chain ok,0,,,table_header,"Health & Code Compliance Inspections, January 2023 | January 2022 | YTD 2022 | January 2023 | YTD 2023",19 19 19 19
2023-02,True,ADID371,https://www.prospertx.gov/Archive.aspx?ADID=371,"Health Inspection Results, February 2023",,15,0,15,14,33,19,37,False,14,33,ok,14,14,printed in this month's report; YTD chain ok,-1,,,table_header,"Health & Code Compliance Inspections, February | February 2022 | YTD 2022 | February 2023 | YTD 2023",19 37 14 33
2023-03,True,ADID372,https://www.prospertx.gov/Archive.aspx?ADID=372,"Health Inspection Results, March 2023",,27,0,27,27,60,28,65,False,27,60,ok,27,27,printed in this month's report; YTD chain ok,0,,,table_header,"Health & Code Compliance Inspections, February | March 2022 | YTD 2022 | March 2023 | YTD 2023",28 65 27 60
2023-04,True,ADID373,https://www.prospertx.gov/Archive.aspx?ADID=373,"Health Inspection Results, April 2023",,40,0,40,40,100,71,136,False,40,100,ok,40,40,printed in this month's report; YTD chain ok,0,,,table_header,"Health & Code Compliance Inspections, April | April 2022 | YTD 2022 | April 2023 | YTD 2023",71 136 40 100
2023-05,True,ADID420,https://www.prospertx.gov/Archive.aspx?ADID=420,"Health Inspection Results, May 2023",,64,0,64,64,164,71,191,False,64,164,ok,64,64,printed in this month's report; YTD chain ok,0,,,table_header,"Health & Code Compliance Inspections, May | May 2022 | YTD 2022 | May 2023 | YTD 2023",71 191 64 164
2023-06,True,ADID433,https://www.prospertx.gov/Archive.aspx?ADID=433,"Health Inspection Results, June 2023",,14,0,14,14,178,43,234,False,14,178,ok,14,14,printed in this month's report; YTD chain ok,0,,,table_header,"Health & Code Compliance Inspections, June | June 2022 | YTD 2022 | June 2023 | YTD 2023",43 234 14 178
2023-07,True,ADID444,https://www.prospertx.gov/Archive.aspx?ADID=444,"Health Inspection Results, July 2023",,17,0,17,29,207,25,37,False,29,207,ok,29,29,printed in this month's report; YTD chain ok,12,,,table_header,"Health & Code Compliance Inspections, July | July 2022 | YTD 2022 | July 2023 | YTD 2023",25 37 29 207
2023-08,True,ADID445,https://www.prospertx.gov/Archive.aspx?ADID=445,"Health Inspection Results, August 2023",,60,0,60,69,276,53,312,False,69,276,ok,69,69,printed in this month's report; YTD chain ok,9,,,table_header,"Health & Code Compliance Inspections, August | August 2022 | YTD 2022 | August 2023 | YTD 2023",53 312 69 276
2023-09,True,ADID455,https://www.prospertx.gov/Archive.aspx?ADID=455,"Health Inspection Results, September 2023",,40,0,40,69,276,53,312,True,44,320,count line is a copy of the previous month's,44,44,next year's report (this month's count line is a copy of the previous month's),4,,,table_header,"Health & Code Compliance Inspections, September | August 2022 | YTD 2022 | August 2023 | YTD 2023",53 312 69 276
2023-10,True,ADID456,https://www.prospertx.gov/Archive.aspx?ADID=456,"Health Inspection Results, October 2023",,46,0,46,53,373,40,439,False,53,373,ok,53,53,printed in this month's report; YTD chain ok,7,,,table_header,"Health & Code Compliance Inspections, October | October 2022 | YTD 2022 | October 2023 | YTD 2023",40 439 53 373
2023-11,False,,,,,,,,,,,,False,45,418,no report,45,45,next year's report (no report for this month),,,,,,
2023-12,False,,,,,,,,,,,,False,23,441,no report,23,23,next year's report (no report for this month),,,,,,
2024-01,True,ADID481,https://www.prospertx.gov/Archive.aspx?ADID=481,"Health Inspection Results, January 2024",,39,0,39,46,46,19,19,False,46,46,ok,46,46,printed in this month's report; YTD chain ok,7,,,table_header,"Health & Code Compliance Inspections, January | January 2023 | YTD 2023 | January 2024 | YTD 2024",19 19 46 46
2024-02,True,ADID482,https://www.prospertx.gov/Archive.aspx?ADID=482,"Health Inspection Results, February 2024",,14,0,14,19,65,14,33,False,19,65,ok,19,19,printed in this month's report; YTD chain ok,5,,,table_header,"Health & Code Compliance Inspections, February | February 2023 | YTD 2023 | February 2024 | YTD 2024",14 33 19 65
2024-03,True,ADID487,https://www.prospertx.gov/Archive.aspx?ADID=487,"Health Inspection Results, March 2024",,12,0,12,18,83,27,60,False,18,83,ok,18,18,printed in this month's report; YTD chain ok,6,,,table_header,March 2023 | YTD 2023 | March 2024 | YTD 2024,27 60 18 83
2024-04,True,ADID499,https://www.prospertx.gov/Archive.aspx?ADID=499,"Health Inspection Results, April 2024",,44,0,44,64,147,40,100,False,64,147,ok,64,64,printed in this month's report; YTD chain ok,20,,,table_header,April 2023 | YTD 2023 | April 2024 | YTD 2024,40 100 64 147
2024-05,True,ADID506,https://www.prospertx.gov/Archive.aspx?ADID=506,"Health Inspection Results, May 2024",,57,0,57,64,211,64,164,False,64,211,ok,64,64,printed in this month's report; YTD chain ok,7,,,table_header,May 2023 | YTD 2023 | May 2024 | YTD 2024,64 164 64 211
2024-06,True,ADID514,https://www.prospertx.gov/Archive.aspx?ADID=514,"Health Inspection Results, June 2024",,38,0,38,51,262,14,178,False,51,262,ok,51,51,printed in this month's report; YTD chain ok,13,,,table_header,"Health & Code Compliance Inspections, June | June 2023 | YTD 2023 | June 2024 | YTD 2024",14 178 51 262
2024-07,True,ADID519,https://www.prospertx.gov/Archive.aspx?ADID=519,"Health Inspection Results, June 2024","heading on p.11 says 2024-06: 'Health Inspection Results, June 2024' (0 of its 40 rows are in the 2024-06 table)",40,0,40,50,312,29,207,False,50,312,ok,50,50,printed in this month's report; YTD chain ok,10,,,table_header,"Health & Code Compliance Inspections, July | July 2023 | YTD 2023 | July 2024 | YTD 2024",29 207 50 312
2024-08,True,ADID524,https://www.prospertx.gov/Archive.aspx?ADID=524,"Health Inspection Results, August 2024",,51,13,38,47,359,69,276,False,47,359,ok,47,47,printed in this month's report; YTD chain ok,9,,,table_header,"Health & Code Compliance Inspections, August | August 2023 | YTD 2023 | August 2024 | YTD 2024",69 276 47 359
2024-09,True,ADID536,https://www.prospertx.gov/Archive.aspx?ADID=536,"Health Inspection Results, September 2024",,73,0,73,85,444,44,320,False,85,444,ok,85,85,printed in this month's report; YTD chain ok,12,,,table_header,"Health & Code Compliance Inspections, September | September 2023 | YTD 2023 | September 2024 | YTD 2024",44 320 85 444
2024-10,True,ADID540,https://www.prospertx.gov/Archive.aspx?ADID=540,"Health Inspection Results, October 2024",,33,0,33,39,483,53,373,False,39,483,ok,39,39,printed in this month's report; YTD chain ok,6,,,table_header,"Health & Code Compliance Inspections, October | October 2023 | YTD 2023 | October 2024 | YTD 2024",53 373 39 483
2024-11,True,ADID547,https://www.prospertx.gov/Archive.aspx?ADID=547,"Health Inspection Results, November 2024",,80,0,80,80,563,45,418,False,80,563,ok,80,80,printed in this month's report; YTD chain ok,0,,,table_header,"Health & Code Compliance Inspections, November | November 2023 | YTD 2023 | November 2024 | YTD 2024",45 418 80 563
2024-12,True,ADID554,https://www.prospertx.gov/Archive.aspx?ADID=554,"Health Inspection Results, December 2024",,17,0,17,24,587,23,441,False,,,ok,24,24,printed in this month's report; YTD chain ok,7,,,table_header,"Health & Code Compliance Inspections, December | December 2023 | YTD 2023 | December 2024 | YTD 2024",23 441 24 587
2025-01,True,ADID560,https://www.prospertx.gov/Archive.aspx?ADID=560,"Health Inspection Results, January 2025",,19,0,19,30,30,46,46,False,30,30,ok,30,30,printed in this month's report; YTD chain ok,11,,,table_header,"Health & Code Compliance Inspections, January | January 2024 | YTD 2024 | January 2025 | YTD 2025",46 46 30 30
2025-02,True,ADID570,https://www.prospertx.gov/Archive.aspx?ADID=570,"Health Inspection Results, February 2025",,35,0,35,41,71,19,65,False,41,71,ok,41,41,printed in this month's report; YTD chain ok,6,,,table_header,"Health & Code Compliance Inspections, February | February 2024 | YTD 2024 | February 2025 | YTD 2025",19 65 41 71
2025-03,True,ADID579,https://www.prospertx.gov/Archive.aspx?ADID=579,"Health Inspection Results, March 2025",,27,0,27,37,109,18,83,False,28,109,mismatch (previous YTD 71 + 37 != 109),38,37,"printed in this month's report; YTD chain fails, no agreeing alternative",10,,,table_header,"Health & Code Compliance Inspections, March | March 2024 | YTD 2024 | March 2025 | YTD 2025",18 83 37 109
2025-04,True,ADID587,https://www.prospertx.gov/Archive.aspx?ADID=587,"Health Inspection Results, April 2025",,35,0,35,40,149,64,147,False,,,ok,40,40,printed in this month's report; YTD chain ok,5,,,table_header,"Health & Code Compliance Inspections, April | April 2024 | YTD 2024 | April 2025 | YTD 2025",64 147 40 149
2025-05,True,ADID595,https://www.prospertx.gov/Archive.aspx?ADID=595,"Health Inspection Results, May 2025",,61,0,61,70,219,64,211,False,70,219,ok,70,70,printed in this month's report; YTD chain ok,9,,,table_header,"Health & Code Compliance Inspections, May | May 2024 | YTD 2024 | May 2025 | YTD 2025",64 211 70 219
2025-06,True,ADID603,https://www.prospertx.gov/Archive.aspx?ADID=603,"Health Inspection Results, June 2025",,23,0,23,25,244,51,262,False,,,ok,25,25,printed in this month's report; YTD chain ok,2,,,table_header,"Health & Code Compliance Inspections, June | June 2024 | YTD 2024 | June 2025 | YTD 2025",51 262 25 244
2025-07,True,ADID615,https://www.prospertx.gov/Archive.aspx?ADID=615,"Health Inspection Results, July 2025",,71,0,71,94,338,50,312,False,94,338,ok,94,94,printed in this month's report; YTD chain ok,23,,,table_header,"Health & Code Compliance Inspections, July | July 2024 | YTD 2024 | July 2025 | YTD 2025",50 312 94 338
2025-08,True,ADID619,https://www.prospertx.gov/Archive.aspx?ADID=619,"Health Inspection Results, August 2025",,14,0,14,15,353,47,359,False,15,353,ok,15,15,printed in this month's report; YTD chain ok,1,,,table_header,"Health & Code Compliance Inspections, August | August 2024 | YTD 2024 | August 2025 | YTD 2025",47 359 15 353
2025-09,True,ADID625,https://www.prospertx.gov/Archive.aspx?ADID=625,"Health Inspection Results, September 2025",,16,0,16,20,373,85,444,False,,,ok,20,20,printed in this month's report; YTD chain ok,4,,,table_header,"Health & Code Compliance Inspections, September | September 2024 | YTD 2024 | September 2025 | YTD 2025",85 444 20 373
2025-10,True,ADID639,https://www.prospertx.gov/Archive.aspx?ADID=639,"Health Inspection Results, October 2025",,72,0,72,81,454,39,483,False,,,ok,81,81,printed in this month's report; YTD chain ok,9,,,table_header,"Health & Code Compliance Inspections, October | October 2024 | YTD 2024 | October 2025 | YTD 2025",39 483 81 454
2025-11,True,ADID661,https://www.prospertx.gov/Archive.aspx?ADID=661,"Health Inspection Results, November 2025",,31,0,31,36,490,80,563,False,,,ok,36,36,printed in this month's report; YTD chain ok,5,,,table_header,November 2024 | YTD 2024 | November 2025 | YTD 2025,80 563 36 490
2025-12,True,ADID666,https://www.prospertx.gov/Archive.aspx?ADID=666,"Health Inspection Results, December 2025",,18,0,18,19,509,80,563,False,,,ok,19,19,printed in this month's report; YTD chain ok,1,,,table_header,December 2024 | YTD 2024 | December 2025 | YTD 2025,80 563 19 509
2026-01,True,ADID672,https://www.prospertx.gov/Archive.aspx?ADID=672,"Health Inspection Results, January 2026",,20,0,20,21,21,30,30,False,,,ok,21,21,printed in this month's report; YTD chain ok,1,,,table_header,January 2025 | YTD 2025 | January 2026 | YTD 2026,30 30 21 21
2026-02,True,ADID676,https://www.prospertx.gov/Archive.aspx?ADID=676,"Health Inspection Results, February 2026",,28,0,28,43,64,41,71,False,,,ok,43,43,printed in this month's report; YTD chain ok,15,,,table_header,February 2025 | YTD 2025 | February 2026 | YTD 2026,41 71 43 64
2026-03,True,ADID693,https://www.prospertx.gov/Archive.aspx?ADID=693,"Health Inspection Results, March 2026",,38,0,38,50,114,28,109,False,,,ok,50,50,printed in this month's report; YTD chain ok,12,,,table_header,March 2025 | YTD 2025 | March 2026 | YTD 2026,28 109 50 114
2026-04,True,ADID699,https://www.prospertx.gov/Archive.aspx?ADID=699,"Health Inspection Results, April 2026",,24,0,24,16,130,28,109,False,,,ok,16,16,printed in this month's report; YTD chain ok,-8,,,table_header,April 2025 | YTD 2025 | April 2026 | YTD 2026,28 109 16 130
2026-05,True,ADID704,https://www.prospertx.gov/Archive.aspx?ADID=704,"Health Inspection Results, May 2026",,50,0,50,50,180,70,219,False,,,ok,50,50,printed in this month's report; YTD chain ok,0,,,table_header,May 2025 | YTD 2025 | May 2026 | YTD 2026,70 219 50 180
2026-06,True,ADID708,https://www.prospertx.gov/Archive.aspx?ADID=708,"Health Inspection Results, June 2026",,50,46,,50,180,70,219,True,,,count line is a copy of the previous month's,31,31,derived: next month's YTD minus next month's count minus previous month's YTD (this month's count line is a copy of the previous month's),,2026-05,,table_header,June 2025 | YTD 2025 | June 2026 | YTD 2026,70 219 50 180
2026-07,True,ADID716,https://www.prospertx.gov/Archive.aspx?ADID=716,"Health Inspection Results, July 2026",,18,0,18,19,230,94,338,False,,,not checkable,,19,printed in this month's report; YTD chain not checkable,1,,,table_header,July 2025 | YTD 2025 | July 2026 | YTD 2026,94 338 19 230
2026-08,True,ADID723,https://www.prospertx.gov/Archive.aspx?ADID=723,"Health Inspection Results, August 2026",,29,0,29,29,259,15,353,False,,,ok,29,29,printed in this month's report; YTD chain ok,0,,,table_header,August 2025 | YTD 2025 | August 2026 | YTD 2026,15 353 29 259
