inspection_date,establishment_name,score,purpose,inspector,permit_category,food_type,classification,reason,quote,reviewer_note,inspection_id,permit_id,pdf_url
2025-06-23,BEANS & BUBBLES,17,Routine,Victoria Uzu,Food establishment,Coffee House & Cafe,closed or suspended at this inspection,no certified food manager / no active managerial control,"""CLOSURE OF FOOD ESTABLISHMENT DUE TO NO ACTIVE MANAGERIAL CONTROL 6/23/25. FOOD MANAGER CERTIFICATION VERIFIED 6/23/25.""",report also says food manager certification was verified the same day; could be read as lifted on site,45DF5F31-6BB8-45E3-8DB8-747ED483DCA8,A1CFCEDD-855C-4DEC-ABBE-5C59509C167A,"https://inspections.myhealthdepartment.com/frisco/print/?task=getPrintable&path=frisco&pKey=45DF5F31-6BB8-45E3-8DB8-747ED483DCA8,45DF5F31-6BB8-45E3-8DB8-747ED483DCA8"
2025-06-25,Desi District,44,Routine,Victoria Uzu,Grocery,Grocery,closed or suspended at this inspection,score above 31,"""Establishment scored above a 31 resulting closure of the establishment.""",,2AC9B117-AF6E-4A14-9E85-CF62D758B4CF,EDAEC275-AA15-4761-B5E7-B8F90CDEC7C0,"https://inspections.myhealthdepartment.com/frisco/print/?task=getPrintable&path=frisco&pKey=2AC9B117-AF6E-4A14-9E85-CF62D758B4CF,2AC9B117-AF6E-4A14-9E85-CF62D758B4CF"
2025-06-26,Desi District,3,Reinspection,Victoria Uzu,Grocery,Grocery,approved to reopen (reinspection),,"""Establishment approved to re-open""",,5BA6344F-0651-44B7-9B76-39D176344149,EDAEC275-AA15-4761-B5E7-B8F90CDEC7C0,"https://inspections.myhealthdepartment.com/frisco/print/?task=getPrintable&path=frisco&pKey=5BA6344F-0651-44B7-9B76-39D176344149,5BA6344F-0651-44B7-9B76-39D176344149"
2025-06-27,Durkin's Pizza,20,Routine,Victoria Uzu,Food establishment,Pizza,closed or suspended at this inspection,wastewater backup,"""Food establishment closed due to wastewater backup in establishment.""",,35CD4AA4-4833-4D15-AE86-7F78BDAB695F,29015401-0CCE-4771-9E7E-78E69B50B3A5,"https://inspections.myhealthdepartment.com/frisco/print/?task=getPrintable&path=frisco&pKey=35CD4AA4-4833-4D15-AE86-7F78BDAB695F,35CD4AA4-4833-4D15-AE86-7F78BDAB695F"
2025-07-02,CHILOSO MEXICAN BISTRO,5,Routine,Dustin M Long,Food establishment,Mexican,not about a closure,cook-chill process must cease pending variance,,,990FDE8A-8512-4FB8-BFAC-BB1623C45E4C,12F0B861-3255-495C-9BCF-AAC46D7014D3,"https://inspections.myhealthdepartment.com/frisco/print/?task=getPrintable&path=frisco&pKey=990FDE8A-8512-4FB8-BFAC-BB1623C45E4C,990FDE8A-8512-4FB8-BFAC-BB1623C45E4C"
2025-07-03,VITALITY BOWLS ELDORADO,7,Routine,Yulonda Bell,Food establishment,Juice Bar,closure threatened (e.g. unpaid or expired permit),permit/certificate of occupancy,,,0D883F07-C8DD-4598-9092-160BF02543B8,1AA35A6A-1DF9-4198-B3F7-339F1F0254BB,"https://inspections.myhealthdepartment.com/frisco/print/?task=getPrintable&path=frisco&pKey=0D883F07-C8DD-4598-9092-160BF02543B8,0D883F07-C8DD-4598-9092-160BF02543B8"
2025-07-15,Gong Cha,7,Routine,Jose Espronceda,Food establishment,Asian,closure threatened (e.g. unpaid or expired permit),certified food manager,,,B06C3CC6-7BAF-46BE-BAEF-2F5BEB1E83AA,B69EA09F-0963-41D6-BA87-74F097129D8B,"https://inspections.myhealthdepartment.com/frisco/print/?task=getPrintable&path=frisco&pKey=B06C3CC6-7BAF-46BE-BAEF-2F5BEB1E83AA,B06C3CC6-7BAF-46BE-BAEF-2F5BEB1E83AA"
2025-07-15,SALSA TEX-MEX,14,Routine,Victoria Uzu,Food establishment,Tex-Mex,closure threatened (e.g. unpaid or expired permit),pest control proof,,,590A8AAD-510C-4269-9629-7A559FDFEF11,78B8EB7B-70E5-45D2-8D8B-8304EBA7D9C0,"https://inspections.myhealthdepartment.com/frisco/print/?task=getPrintable&path=frisco&pKey=590A8AAD-510C-4269-9629-7A559FDFEF11,590A8AAD-510C-4269-9629-7A559FDFEF11"
2025-07-18,CHALO INDIA,25,Routine,Victoria Uzu,Grocery,Grocery,not about a closure,cease selling unlabeled drinks,,,EBD7F627-9BC8-4D5B-9528-3949D45EBDF9,912C6B3C-175D-46B4-BBFF-F0B02CD73063,"https://inspections.myhealthdepartment.com/frisco/print/?task=getPrintable&path=frisco&pKey=EBD7F627-9BC8-4D5B-9528-3949D45EBDF9,EBD7F627-9BC8-4D5B-9528-3949D45EBDF9"
2025-07-22,YUM ASIAN BISTRO,25,Routine,Victoria Uzu,Food establishment,Chinese,closed or suspended at this inspection,refrigeration failure,"""RESTAURANT CLOSED 7/23/2025 DUE TO INADEQUATE REFRIGERATION."" (WIC, RIC and prep cooler all at 50F)",,2EF1ACEB-E969-4123-AE84-2CBAA1C3386C,B06D352F-CE49-4DA6-8FF6-EAC6E0686CB3,"https://inspections.myhealthdepartment.com/frisco/print/?task=getPrintable&path=frisco&pKey=2EF1ACEB-E969-4123-AE84-2CBAA1C3386C,2EF1ACEB-E969-4123-AE84-2CBAA1C3386C"
2025-08-11,La Parisienne,25,Routine,Victoria Uzu,Food establishment,French,closure threatened (e.g. unpaid or expired permit),permit fees,,,71AA9E82-4606-445D-9F88-9C5B3AEB3DC6,79148648-E850-421D-A7C6-D0FF28A8DE1F,"https://inspections.myhealthdepartment.com/frisco/print/?task=getPrintable&path=frisco&pKey=71AA9E82-4606-445D-9F88-9C5B3AEB3DC6,71AA9E82-4606-445D-9F88-9C5B3AEB3DC6"
2025-08-14,THE AUSSIE GRIND,8,Routine,Bryan L Jones,Food establishment,Australian,not about a closure,process must cease pending variance,,,2ECDE4E8-5788-4244-8299-D78DD6804C40,0FD67BA7-6DCC-446D-AC56-C254344A6476,"https://inspections.myhealthdepartment.com/frisco/print/?task=getPrintable&path=frisco&pKey=2ECDE4E8-5788-4244-8299-D78DD6804C40,2ECDE4E8-5788-4244-8299-D78DD6804C40"
2025-08-18,ABHIRUCHI,15,Routine,Bryan L Jones,Food establishment,Indian,not about a closure,door closure (hardware),,,CE375811-048B-43E7-B6C1-3B95276F256B,84DD0486-0556-4B0B-947C-6D36E6D49B93,"https://inspections.myhealthdepartment.com/frisco/print/?task=getPrintable&path=frisco&pKey=CE375811-048B-43E7-B6C1-3B95276F256B,CE375811-048B-43E7-B6C1-3B95276F256B"
2025-08-22,KITCHEN MASTER,23,Routine,Victoria Uzu,Food establishment,Chinese,ambiguous,"""Restaurant was closed to public during the time of inspection"" - no closure order; follow-up scheduled",,,4DCA569B-4741-4F60-B529-4F1996663ABF,FBE19F3A-E1BD-4226-8FF5-21191D086081,"https://inspections.myhealthdepartment.com/frisco/print/?task=getPrintable&path=frisco&pKey=4DCA569B-4741-4F60-B529-4F1996663ABF,4DCA569B-4741-4F60-B529-4F1996663ABF"
2025-09-03,Fajita Pete's,4,Routine,Bryan L Jones,Food establishment,Mexican,closure threatened (e.g. unpaid or expired permit),permit fees,,,591E82E2-48D6-4FC9-B4EE-96149F34246E,6BCEA9C3-283E-490B-9377-DE15F5200783,"https://inspections.myhealthdepartment.com/frisco/print/?task=getPrintable&path=frisco&pKey=591E82E2-48D6-4FC9-B4EE-96149F34246E,591E82E2-48D6-4FC9-B4EE-96149F34246E"
2025-09-17,CHARMINAR KABAB HOUSE,8,Routine,Dustin M Long,Food establishment,Indian,closed or suspended at this inspection,no certified food manager,"item 21: ""Facility closed until certified food manager is on site.""",,7B744A69-68B6-489B-B154-FE560D5B47DC,BBB1DD69-E936-450A-A971-76A5586E8356,"https://inspections.myhealthdepartment.com/frisco/print/?task=getPrintable&path=frisco&pKey=7B744A69-68B6-489B-B154-FE560D5B47DC,7B744A69-68B6-489B-B154-FE560D5B47DC"
2025-10-08,BRUNCH AT LILI'S,9,Routine,Julia Fish,Food establishment,Coffee House & Cafe,closure threatened (e.g. unpaid or expired permit),permit fees,,,E71070F1-B125-466F-B148-79483EB6D999,499BD571-571A-41DB-AB53-A4219DA9FEAA,"https://inspections.myhealthdepartment.com/frisco/print/?task=getPrintable&path=frisco&pKey=E71070F1-B125-466F-B148-79483EB6D999,E71070F1-B125-466F-B148-79483EB6D999"
2025-10-14,Vedhas Kalyana Virundhu,12,Routine,Bryan L Jones,Food establishment,Indian,closure threatened (e.g. unpaid or expired permit),expired permit,,,968A393C-794A-48EC-A163-45343BB44D62,F9E1C686-CEC5-4C75-A8D6-894C3CA709C7,"https://inspections.myhealthdepartment.com/frisco/print/?task=getPrintable&path=frisco&pKey=968A393C-794A-48EC-A163-45343BB44D62,968A393C-794A-48EC-A163-45343BB44D62"
2025-10-16,SMOOTHIE KING,2,Routine,Yulonda Bell,Food establishment,Juice Bar,closure threatened (e.g. unpaid or expired permit),expired permit,,,52CFC59B-A4E6-4ECB-8C6B-45565DB2A8C3,BF439905-670C-4BC6-AA22-461DFC9B6CA7,"https://inspections.myhealthdepartment.com/frisco/print/?task=getPrintable&path=frisco&pKey=52CFC59B-A4E6-4ECB-8C6B-45565DB2A8C3,52CFC59B-A4E6-4ECB-8C6B-45565DB2A8C3"
2025-10-20,BAWARCHI INDIAN CUISINE,19,Routine,Victoria Uzu,Food establishment,Indian,closure threatened (e.g. unpaid or expired permit),permit fees,,,1C9F12A2-1C0B-443E-B379-7A5E0716A5CA,EB30E41B-30C5-4B32-A272-0ADEC51E6FD5,"https://inspections.myhealthdepartment.com/frisco/print/?task=getPrintable&path=frisco&pKey=1C9F12A2-1C0B-443E-B379-7A5E0716A5CA,1C9F12A2-1C0B-443E-B379-7A5E0716A5CA"
2025-10-23,Curry Pizza House,10,Routine,Victoria Uzu,Food establishment,Fusion,closure threatened (e.g. unpaid or expired permit),permit renewal,,,0EF9AD71-B581-4E19-8A8A-77CBC303CCAE,E8F3194A-CDA3-472C-B5E8-A38F3F083D1F,"https://inspections.myhealthdepartment.com/frisco/print/?task=getPrintable&path=frisco&pKey=0EF9AD71-B581-4E19-8A8A-77CBC303CCAE,0EF9AD71-B581-4E19-8A8A-77CBC303CCAE"
2025-10-30,MAAEE LLC DBA TAILGATERS,10,Routine,Bryan L Jones,Food establishment,American,closure threatened (e.g. unpaid or expired permit),permit renewal,,,A030432E-AE23-4985-83E8-790EAA2E5EFD,96466C69-0B94-428B-B0B8-7C0EF2EF8030,"https://inspections.myhealthdepartment.com/frisco/print/?task=getPrintable&path=frisco&pKey=A030432E-AE23-4985-83E8-790EAA2E5EFD,A030432E-AE23-4985-83E8-790EAA2E5EFD"
2025-11-10,CONCRETE COWBOY,10,Routine,Victoria Uzu,Food establishment,American,closure threatened (e.g. unpaid or expired permit),permit renewal,,,D5E1DEE2-FFE1-4136-91F3-20FA8E6AB559,160CDD2A-E106-42A5-9DB0-415A2E8899F3,"https://inspections.myhealthdepartment.com/frisco/print/?task=getPrintable&path=frisco&pKey=D5E1DEE2-FFE1-4136-91F3-20FA8E6AB559,D5E1DEE2-FFE1-4136-91F3-20FA8E6AB559"
2025-11-11,TUPY'S,11,Routine,Victoria Uzu,Food establishment,Mexican,closure threatened (e.g. unpaid or expired permit),permit renewal,,,7A58B2C4-BB59-4D3C-A7DA-D4348EAC9FB4,5A51D21B-F93A-4261-AFC4-EAFF0D07FB9F,"https://inspections.myhealthdepartment.com/frisco/print/?task=getPrintable&path=frisco&pKey=7A58B2C4-BB59-4D3C-A7DA-D4348EAC9FB4,7A58B2C4-BB59-4D3C-A7DA-D4348EAC9FB4"
2025-11-13,UTSAV INDIAN CUISINE ,37,Routine,Victoria Uzu,Food establishment,Indian,closed or suspended at this inspection,no hot water + score above 31,"""ESTABLISHMENT IS CLOSED DUE TO NO HOT WATER AND SCORE ABOVE 31.""",,E845972B-266B-445C-ADD0-E030C22E8751,B326D105-BAEA-407E-BF54-FFD9143CE6FA,"https://inspections.myhealthdepartment.com/frisco/print/?task=getPrintable&path=frisco&pKey=E845972B-266B-445C-ADD0-E030C22E8751,E845972B-266B-445C-ADD0-E030C22E8751"
2025-11-13,Valerie's Taco Shop,8,Routine,Jose Espronceda,Food establishment,Mexican,closure threatened (e.g. unpaid or expired permit),permit renewal,,,A08ACFCD-08A3-4984-B948-945EB202B99F,6DFFC880-40EE-42A7-9BB3-D0944B53AE0A,"https://inspections.myhealthdepartment.com/frisco/print/?task=getPrintable&path=frisco&pKey=A08ACFCD-08A3-4984-B948-945EB202B99F,A08ACFCD-08A3-4984-B948-945EB202B99F"
2025-11-14,UTSAV INDIAN CUISINE ,21,Reinspection,Julia Fish,Food establishment,Indian,approved to reopen (reinspection),,"""Establishment is approved to re-open.""",,E73FA44D-E4FE-47E9-BFF8-78709272E1F0,B326D105-BAEA-407E-BF54-FFD9143CE6FA,"https://inspections.myhealthdepartment.com/frisco/print/?task=getPrintable&path=frisco&pKey=E73FA44D-E4FE-47E9-BFF8-78709272E1F0,E73FA44D-E4FE-47E9-BFF8-78709272E1F0"
2025-12-01,Crumbl Cookies,3,Routine,Dustin M Long,Food establishment,Bakery,closed or suspended at this inspection,floor drain backing up (voluntary),"item 19: ""floor drain backing up in prep area. Facility voluntarily closed.""",,6F87F477-86B1-4059-BBE6-18A538D08F0A,737F7AEA-47D1-4046-A426-A6D2148E2E10,"https://inspections.myhealthdepartment.com/frisco/print/?task=getPrintable&path=frisco&pKey=6F87F477-86B1-4059-BBE6-18A538D08F0A,6F87F477-86B1-4059-BBE6-18A538D08F0A"
2025-12-05,TUPELO HONEY CAFE,5,Routine,Victoria Uzu,Food establishment,Southern,closure threatened (e.g. unpaid or expired permit),permit renewal,,,EDDD08B9-C34C-4895-9AE4-CBA6A45B7735,C31F79F6-D3A3-4CA4-98ED-10BB2997F3E5,"https://inspections.myhealthdepartment.com/frisco/print/?task=getPrintable&path=frisco&pKey=EDDD08B9-C34C-4895-9AE4-CBA6A45B7735,EDDD08B9-C34C-4895-9AE4-CBA6A45B7735"
2025-12-11,"HAIDILAO HOT POT DALLAS, INC DBA HI KITCHEN",15,Routine,Julia Fish,Food establishment,Asian,closed or suspended at this inspection,no hot water,"""Establishment closed due to no hot water."" (hand sink 86F, 3-comp sink 85F)",,C30736D6-409F-4CC2-997B-5BACFCC3A75F,490AF266-FA53-4045-959B-15E24EE1AB65,"https://inspections.myhealthdepartment.com/frisco/print/?task=getPrintable&path=frisco&pKey=C30736D6-409F-4CC2-997B-5BACFCC3A75F,C30736D6-409F-4CC2-997B-5BACFCC3A75F"
2025-12-16,EDDIE'S NAPOLIS FRISCO,2,Routine,Yulonda Bell,Food establishment,Italian,closure threatened (e.g. unpaid or expired permit),permit renewal,,,7394A174-8680-49B0-B594-DBD5AA899A14,3F3ADC93-9B72-4CDF-A22D-84F2B0E98F89,"https://inspections.myhealthdepartment.com/frisco/print/?task=getPrintable&path=frisco&pKey=7394A174-8680-49B0-B594-DBD5AA899A14,7394A174-8680-49B0-B594-DBD5AA899A14"
2026-01-05,HOLD MY CHAI,7,Routine,Yulonda Bell,Food establishment,Cafe,closed or suspended at this inspection,no hot water,"""ESTABLISNED CLOSED DUE TO HOT AT A MINIMUM OF 67F IN ALL COMPARTMENTS""",,F41CCD38-E926-40BA-9697-79C904E1EF6F,B016A408-069E-4EA9-8036-037442747486,"https://inspections.myhealthdepartment.com/frisco/print/?task=getPrintable&path=frisco&pKey=F41CCD38-E926-40BA-9697-79C904E1EF6F,F41CCD38-E926-40BA-9697-79C904E1EF6F"
2026-01-05,IVYBROOK ACADEMY,2,Routine,Yulonda Bell,Health care / long-term care,Institutional,closure threatened (e.g. unpaid or expired permit),permit renewal,,,E2D895F6-EBB2-4539-8930-43BC6E905F4F,1D857503-59F0-47FD-96BC-43B2731ACB5C,"https://inspections.myhealthdepartment.com/frisco/print/?task=getPrintable&path=frisco&pKey=E2D895F6-EBB2-4539-8930-43BC6E905F4F,E2D895F6-EBB2-4539-8930-43BC6E905F4F"
2026-01-09,Jersey Mikes Sub's,9,Routine,Victoria Uzu,Food establishment,Deli,closure threatened (e.g. unpaid or expired permit),permit renewal,,,DB570BBD-112A-45E3-AE1D-CF8B1F0935A8,71B0E980-EBAA-4523-B0C1-C64BCE97EC61,"https://inspections.myhealthdepartment.com/frisco/print/?task=getPrintable&path=frisco&pKey=DB570BBD-112A-45E3-AE1D-CF8B1F0935A8,DB570BBD-112A-45E3-AE1D-CF8B1F0935A8"
2026-01-09,VITALITY BOWLS ELDORADO,10,Routine,Yulonda Bell,Food establishment,Juice Bar,closed or suspended at this inspection,no hot water,"""Establishment closed due to lack of hot water flow from all equipment that requires hot water""",,785D93EE-9A1E-414B-9729-07A24EF448C2,1AA35A6A-1DF9-4198-B3F7-339F1F0254BB,"https://inspections.myhealthdepartment.com/frisco/print/?task=getPrintable&path=frisco&pKey=785D93EE-9A1E-414B-9729-07A24EF448C2,785D93EE-9A1E-414B-9729-07A24EF448C2"
2026-01-14,ERNESTO'S MEXICAN FOOD,8,Routine,Bryan L Jones,Food establishment,Mexican,closure threatened (e.g. unpaid or expired permit),permit renewal,,,057EDA2C-2636-4BD8-A3A8-64707EE7FA46,34440167-9BEF-4697-8F13-CC62D5729C34,"https://inspections.myhealthdepartment.com/frisco/print/?task=getPrintable&path=frisco&pKey=057EDA2C-2636-4BD8-A3A8-64707EE7FA46,057EDA2C-2636-4BD8-A3A8-64707EE7FA46"
2026-01-16,YUJO,11,Routine,Julia Fish,Food establishment,Japanese,closed or suspended at this inspection,no hot water,"item 23: ""Establishment shall discontinue operations ... Remain closed for rest of lunch and recheck.""",,9E5EA129-8A95-49DD-A222-1F9C2981131A,E96A36B8-F7ED-4AC4-82A2-6731EA151911,"https://inspections.myhealthdepartment.com/frisco/print/?task=getPrintable&path=frisco&pKey=9E5EA129-8A95-49DD-A222-1F9C2981131A,9E5EA129-8A95-49DD-A222-1F9C2981131A"
2026-01-22,VITALITY BOWLS,8,Routine,Victoria Uzu,Food establishment,Juice Bar,not about a closure,business says it is closing (own decision),,,E8A10632-052E-44A1-B827-4C848A342EAD,EA635034-40A1-45DB-939C-50E5756DF580,"https://inspections.myhealthdepartment.com/frisco/print/?task=getPrintable&path=frisco&pKey=E8A10632-052E-44A1-B827-4C848A342EAD,E8A10632-052E-44A1-B827-4C848A342EAD"
2026-01-30,Manee Thai Cuisine and Bar,8,Routine,Victoria Uzu,Food establishment,Thai,closure threatened (e.g. unpaid or expired permit),permit renewal,,,FFB6FFC1-835E-4DE9-BC55-A5495C988C66,EDC0ACE9-FE89-4EA6-B7D6-6CC9E028ECC0,"https://inspections.myhealthdepartment.com/frisco/print/?task=getPrintable&path=frisco&pKey=FFB6FFC1-835E-4DE9-BC55-A5495C988C66,FFB6FFC1-835E-4DE9-BC55-A5495C988C66"
2026-02-02,JERSEY MIKE'S SUBS,2,Routine,Yulonda Bell,Food establishment,Deli,closure threatened (e.g. unpaid or expired permit),permit renewal,,,68987CD8-CD32-4666-B038-4E5DBB319D47,24BCD207-DDDB-4D2E-9C38-A49F0C5CAC3F,"https://inspections.myhealthdepartment.com/frisco/print/?task=getPrintable&path=frisco&pKey=68987CD8-CD32-4666-B038-4E5DBB319D47,68987CD8-CD32-4666-B038-4E5DBB319D47"
2026-02-04,Sushibachi,2,Routine,Victoria Uzu,Food establishment,Japanese,closure threatened (e.g. unpaid or expired permit),permit renewal,,,54331CC1-3915-43BD-8A5F-AE00EFDB80D3,E295D33C-3747-46B5-80AD-D75D9A7FEAC9,"https://inspections.myhealthdepartment.com/frisco/print/?task=getPrintable&path=frisco&pKey=54331CC1-3915-43BD-8A5F-AE00EFDB80D3,54331CC1-3915-43BD-8A5F-AE00EFDB80D3"
2026-02-20,K-DOGS KIOSK (#5610),9,Routine,Yulonda Bell,Food establishment,Korean,closed or suspended at this inspection,no hot water,"""Establishment temporarily closed due to no hot water ( hot water at a minimum of 60F)""",,0B151C73-0F94-4939-98CD-36A9D146C670,9C794130-4EA2-4DF0-B5A9-86BDA80F48E5,"https://inspections.myhealthdepartment.com/frisco/print/?task=getPrintable&path=frisco&pKey=0B151C73-0F94-4939-98CD-36A9D146C670,0B151C73-0F94-4939-98CD-36A9D146C670"
2026-03-03,BENGONG'S TEA,8,Routine,Victoria Uzu,Food establishment,Asian,closure threatened (e.g. unpaid or expired permit),hot water below 100F,,,3B4151E6-85E4-43CE-8EFC-0BB6BE872B5A,DDDE0A3F-0D21-4AD5-B7C4-8CF3D764F894,"https://inspections.myhealthdepartment.com/frisco/print/?task=getPrintable&path=frisco&pKey=3B4151E6-85E4-43CE-8EFC-0BB6BE872B5A,3B4151E6-85E4-43CE-8EFC-0BB6BE872B5A"
2026-03-03,LEGACY LEARNING CENTER,2,Routine,Yulonda Bell,Child care,Institutional,closed or suspended at this inspection,no hot water (child-care kitchen),"""EHS closed kitchen area, hot water at a minimum of 73F""",,050C5E83-7E77-4BA1-A320-AA4B8348AD08,FCECC42E-6A33-48A1-8F0E-D1C2C684F301,"https://inspections.myhealthdepartment.com/frisco/print/?task=getPrintable&path=frisco&pKey=050C5E83-7E77-4BA1-A320-AA4B8348AD08,050C5E83-7E77-4BA1-A320-AA4B8348AD08"
2026-03-05,KING & CARDINAL,17,Routine,Bryan L Jones,Food establishment,Bakery,closed or suspended at this inspection,no hot water,"""facility closed for no hot water""; ""Do not re-open without permission from Frisco""",,6CFBC9BC-D3F7-46BA-9BAF-B765D32000BC,06EC2980-3106-47D8-BDBB-03F74143D2C9,"https://inspections.myhealthdepartment.com/frisco/print/?task=getPrintable&path=frisco&pKey=6CFBC9BC-D3F7-46BA-9BAF-B765D32000BC,6CFBC9BC-D3F7-46BA-9BAF-B765D32000BC"
2026-03-13,AUNTIE ANNE'S PRETZEL ,2,Routine,Yulonda Bell,Food establishment,Bakery,closure threatened (e.g. unpaid or expired permit),no valid permit,,,D4A88CE0-02E3-4808-AF1C-9314458FAE5A,E352F8A4-B826-47B0-A64F-F88F006FDB0D,"https://inspections.myhealthdepartment.com/frisco/print/?task=getPrintable&path=frisco&pKey=D4A88CE0-02E3-4808-AF1C-9314458FAE5A,D4A88CE0-02E3-4808-AF1C-9314458FAE5A"
2026-03-13,AUNTIE ANNE'S PRETZEL ,2,Routine,Yulonda Bell,Food establishment,Bakery,closure threatened (e.g. unpaid or expired permit),no valid permit,,,8948FA79-41CC-49A9-B3B2-C897D9761867,F1EBB05D-1B43-4190-92BB-3F1053C873E3,"https://inspections.myhealthdepartment.com/frisco/print/?task=getPrintable&path=frisco&pKey=8948FA79-41CC-49A9-B3B2-C897D9761867,8948FA79-41CC-49A9-B3B2-C897D9761867"
2026-03-16,CHARLEYS CHEESESTEAK,8,Routine,Yulonda Bell,Food establishment,,closure threatened (e.g. unpaid or expired permit),no valid permit,,,F885CB8E-4362-4855-88EE-29D865BB35B5,1C21CE69-E0E9-4ADE-A7AB-EAC169C1A521,"https://inspections.myhealthdepartment.com/frisco/print/?task=getPrintable&path=frisco&pKey=F885CB8E-4362-4855-88EE-29D865BB35B5,F885CB8E-4362-4855-88EE-29D865BB35B5"
2026-03-17,GUIDEPOST MONTESSORI AT TIMBER RIDGE ,2,Routine,Yulonda Bell,Child care,,closure threatened (e.g. unpaid or expired permit),no valid permit,,,F30948C2-46A7-4F1A-9B00-4481A6BC70D1,341076CC-8CE6-421F-AFB8-DEA43B61347B,"https://inspections.myhealthdepartment.com/frisco/print/?task=getPrintable&path=frisco&pKey=F30948C2-46A7-4F1A-9B00-4481A6BC70D1,F30948C2-46A7-4F1A-9B00-4481A6BC70D1"
2026-03-27,CHALO INDIA,46,Routine,Victoria Uzu,Grocery,Grocery,closed or suspended at this inspection,"failed freezers/spoiled food, score 46 (restaurant closed, grocery allowed open)","""Restaurant must cease all operations. Grocery can remain open.""",,E884CA90-9D36-4E6C-8142-32ADF03420C3,912C6B3C-175D-46B4-BBFF-F0B02CD73063,"https://inspections.myhealthdepartment.com/frisco/print/?task=getPrintable&path=frisco&pKey=E884CA90-9D36-4E6C-8142-32ADF03420C3,E884CA90-9D36-4E6C-8142-32ADF03420C3"
2026-03-30,CHALO INDIA,18,Reinspection,Victoria Uzu,Grocery,Grocery,approved to reopen (reinspection),,"""Food establishment has been re-opened.""",,DDD06A02-F1D8-4126-A5D0-A282AEF346DC,912C6B3C-175D-46B4-BBFF-F0B02CD73063,"https://inspections.myhealthdepartment.com/frisco/print/?task=getPrintable&path=frisco&pKey=DDD06A02-F1D8-4126-A5D0-A282AEF346DC,DDD06A02-F1D8-4126-A5D0-A282AEF346DC"
2026-04-20,LAYNE'S CHICKEN FINGERS,3,Routine,Yulonda Bell,Food establishment,Fast Food,closure threatened (e.g. unpaid or expired permit),expired permit,,,BDF25CA7-32C6-48F3-9C5C-DAE9BDF91FAD,A3746802-F953-464B-B1E2-66008F3D1628,"https://inspections.myhealthdepartment.com/frisco/print/?task=getPrintable&path=frisco&pKey=BDF25CA7-32C6-48F3-9C5C-DAE9BDF91FAD,BDF25CA7-32C6-48F3-9C5C-DAE9BDF91FAD"
2026-05-07,LITTLE WOODROW'S ,4,Routine,Victoria Uzu,Food establishment,American,closure threatened (e.g. unpaid or expired permit),plumbing permit,,,575A603B-37CF-474A-8118-A8DA0543BCEB,5D0D3A3B-CD23-41BE-9997-083CA63AF0FF,"https://inspections.myhealthdepartment.com/frisco/print/?task=getPrintable&path=frisco&pKey=575A603B-37CF-474A-8118-A8DA0543BCEB,575A603B-37CF-474A-8118-A8DA0543BCEB"
2026-05-28,GYRO TWIST FRISCO ,14,Routine,Julia Fish,Food establishment,Mediterranean,closed or suspended at this inspection,no certified food manager + no sanitizer,"""Establishment closed until can provide Certified food manager onsite and sanitizer""",,F92460F4-9DC4-4974-82FA-4D02260894E2,DF681B2D-23FB-4870-88C9-4BD30EC43D0A,"https://inspections.myhealthdepartment.com/frisco/print/?task=getPrintable&path=frisco&pKey=F92460F4-9DC4-4974-82FA-4D02260894E2,F92460F4-9DC4-4974-82FA-4D02260894E2"
2026-06-02,CHIPOTLE MEXICAN GRILL,0,Routine,Yulonda Bell,Food establishment,Mexican,not about a closure,a complaint case (HC26-02405) was closed,,,F5942577-1F8D-44FB-8EA2-D491D33D57D3,C9DBDCE2-5C81-4B34-AF1E-CBE178986A40,"https://inspections.myhealthdepartment.com/frisco/print/?task=getPrintable&path=frisco&pKey=F5942577-1F8D-44FB-8EA2-D491D33D57D3,F5942577-1F8D-44FB-8EA2-D491D33D57D3"
2026-06-05,SONIC ,4,Routine,Yulonda Bell,Food establishment,,closure threatened (e.g. unpaid or expired permit),no valid permit,,,CF526F4D-D003-4BF4-BF2C-5EB67F477477,4280FEB3-F522-42E0-BED1-21253C6EF5A4,"https://inspections.myhealthdepartment.com/frisco/print/?task=getPrintable&path=frisco&pKey=CF526F4D-D003-4BF4-BF2C-5EB67F477477,CF526F4D-D003-4BF4-BF2C-5EB67F477477"
2026-06-18,HOCCO THE INDIAN KITCHEN ,23,Routine,Dustin M Long,Food establishment,Indian,"closed or food prep stopped, lifted during the visit",no hot water,"item 23: ""Facility must close until hot water is restored ... HOT WATER RESTORED AT INSPECTION.""",,A11EE211-E634-45AF-BFA2-6111CCFDCE15,7E169FCF-255E-4475-816F-3C046F76FF86,"https://inspections.myhealthdepartment.com/frisco/print/?task=getPrintable&path=frisco&pKey=A11EE211-E634-45AF-BFA2-6111CCFDCE15,A11EE211-E634-45AF-BFA2-6111CCFDCE15"
2026-06-25,"HAIDILAO HOT POT DALLAS, INC DBA HI KITCHEN",9,Routine,Julia Fish,Food establishment,Asian,closure threatened (e.g. unpaid or expired permit),certified food manager (future violation),,,5222ECBF-F4EF-4D5C-9630-82582888FBEA,490AF266-FA53-4045-959B-15E24EE1AB65,"https://inspections.myhealthdepartment.com/frisco/print/?task=getPrintable&path=frisco&pKey=5222ECBF-F4EF-4D5C-9630-82582888FBEA,5222ECBF-F4EF-4D5C-9630-82582888FBEA"
2026-06-25,HYDERABADI SPICY MATKA,6,Routine,Bryan L Jones,Food establishment,Indian,closure threatened (e.g. unpaid or expired permit),permit renewal,,,DD0ABF8A-017E-4A01-A9F8-AE871BEA27FD,84749375-9DB7-45D8-AAA4-4018CCE65EDD,"https://inspections.myhealthdepartment.com/frisco/print/?task=getPrintable&path=frisco&pKey=DD0ABF8A-017E-4A01-A9F8-AE871BEA27FD,DD0ABF8A-017E-4A01-A9F8-AE871BEA27FD"
2026-07-02,OLLIO PATISSERIE AND CAFE,7,Routine,Dustin M Long,Food establishment,Bakery,closure threatened (e.g. unpaid or expired permit),certified food manager (future violation),,,5DE7A8E5-187B-483A-AB82-F578B23AACB6,AFE859D1-5EE8-4D0D-8D1F-3C4A15CBC0A9,"https://inspections.myhealthdepartment.com/frisco/print/?task=getPrintable&path=frisco&pKey=5DE7A8E5-187B-483A-AB82-F578B23AACB6,5DE7A8E5-187B-483A-AB82-F578B23AACB6"
2026-07-07,FRESCA PALAPA LLC ,3,Routine,Dustin M Long,Food establishment,Latin American,"closed or food prep stopped, lifted during the visit",no water at kiosk,"item 23: ""Kiosk closed until water is restored. Water restored at inspection.""",,77F59ACD-0A06-4F39-99A7-B9F11DCF6001,DDE99352-7CE6-4C1C-B812-8E17F0B74AE4,"https://inspections.myhealthdepartment.com/frisco/print/?task=getPrintable&path=frisco&pKey=77F59ACD-0A06-4F39-99A7-B9F11DCF6001,77F59ACD-0A06-4F39-99A7-B9F11DCF6001"
2026-07-08,SONIC DRIVE-IN #5501,10,Routine,Yulonda Bell,Food establishment,Fast Food,closure threatened (e.g. unpaid or expired permit),plumbing work order,,,FCAA8B05-A12F-4A5E-8914-139D7D8FD76A,12A553A7-82A8-47A0-BCCA-75A4475F4AD5,"https://inspections.myhealthdepartment.com/frisco/print/?task=getPrintable&path=frisco&pKey=FCAA8B05-A12F-4A5E-8914-139D7D8FD76A,FCAA8B05-A12F-4A5E-8914-139D7D8FD76A"
2026-07-13,SADDLEBROOK OXFORD MEMORY CARE,5,Routine,Yulonda Bell,Food establishment,Institutional,closure threatened (e.g. unpaid or expired permit),permit renewal,,,623A9495-EBC6-4F4D-8C33-1CBB72B532FE,010EDB24-56BE-4619-AFC0-2E051E545A95,"https://inspections.myhealthdepartment.com/frisco/print/?task=getPrintable&path=frisco&pKey=623A9495-EBC6-4F4D-8C33-1CBB72B532FE,623A9495-EBC6-4F4D-8C33-1CBB72B532FE"
2026-07-13,TEALATTEBAR FRISCO,10,Routine,Dustin M Long,Food establishment,Coffee House & Cafe,"closed or food prep stopped, lifted during the visit",no certified food manager (voluntary),"item 21: ""BUSINESS VOLUNTARILY CLOSED UNTIL CERTIFIED FOOD MANAGER IS ON SITE. Manager arrived at inspection.""",,13CCDF0D-2E9D-4792-85F4-06697B27955D,AEB871BE-6331-4247-93B1-9006ECE7AC49,"https://inspections.myhealthdepartment.com/frisco/print/?task=getPrintable&path=frisco&pKey=13CCDF0D-2E9D-4792-85F4-06697B27955D,13CCDF0D-2E9D-4792-85F4-06697B27955D"
2026-07-14,HAYSTACK BURGERS AND BARLEY,29,Routine,Dustin M Long,Food establishment,American,closed or suspended at this inspection,no certified food manager,"item 21: ""Facility must close until a certified food manager is on site.""",,70E5A43E-68C9-4418-8584-8015D8F5885C,4E27263D-1A07-49A5-9DE5-8AAF6B42786F,"https://inspections.myhealthdepartment.com/frisco/print/?task=getPrintable&path=frisco&pKey=70E5A43E-68C9-4418-8584-8015D8F5885C,70E5A43E-68C9-4418-8584-8015D8F5885C"
2026-07-17,DESI VILLAGE ,21,Routine,Bryan L Jones,Food establishment,Indian,"closed or food prep stopped, lifted during the visit",no certified food manager,"item 21: ""facility closed until manager arrived""",,F11BD005-24C8-4D0C-B788-FE6985725FE5,8186DD94-EEE3-420F-A7B1-C2A8657807B6,"https://inspections.myhealthdepartment.com/frisco/print/?task=getPrintable&path=frisco&pKey=F11BD005-24C8-4D0C-B788-FE6985725FE5,F11BD005-24C8-4D0C-B788-FE6985725FE5"
2026-07-27,Frisco Lakes Golf Club,21,Reinspection,Phoebe Dang,Food establishment,American,earlier suspension recorded on this reinspection,records suspension issued at the same-day routine inspection A4CC9FCB,"""Facility's permit was suspended for previous routine inspection. Observed employees actively preparing food""",records the suspension issued at the 35-point routine inspection earlier that day,D932E886-5002-48EB-844E-6822736594B4,2020040A-1DF8-47B0-AB7D-D34C8984AD74,"https://inspections.myhealthdepartment.com/frisco/print/?task=getPrintable&path=frisco&pKey=D932E886-5002-48EB-844E-6822736594B4,D932E886-5002-48EB-844E-6822736594B4"
2026-07-27,Frisco Lakes Golf Club,35,Routine,Phoebe Dang,Food establishment,American,closed or suspended at this inspection,permit suspended (documented only on same-day reinspection); score 35,"reinspection D932E886: ""Facility's permit was suspended for previous routine inspection.""",suspension appears only on the same-day reinspection report (D932E886); the 35-point routine report has no closure wording,A4CC9FCB-D355-4A93-B245-DBDF62F2C621,2020040A-1DF8-47B0-AB7D-D34C8984AD74,"https://inspections.myhealthdepartment.com/frisco/print/?task=getPrintable&path=frisco&pKey=A4CC9FCB-D355-4A93-B245-DBDF62F2C621,A4CC9FCB-D355-4A93-B245-DBDF62F2C621"
2026-08-31,CHEF CHEN,26,Routine,Phoebe Dang,Food establishment,Chinese,closed or suspended at this inspection,no hot water,"""CLOSED BY COF DUE TO OPERATING WITHOUT HOT WATER.""",,CA30C438-8895-4075-A253-94A813B9CB87,D891CED9-8A9D-495B-944D-4BD907BD73EC,"https://inspections.myhealthdepartment.com/frisco/print/?task=getPrintable&path=frisco&pKey=CA30C438-8895-4075-A253-94A813B9CB87,CA30C438-8895-4075-A253-94A813B9CB87"
2026-08-31,Southwest Farmers Market,34,Routine,Danea Newman,Grocery,Grocery,closed or suspended at this inspection,rodents / sanitation (imminent health hazard),"""This facility is closed- imminent health hazard rodent activity and lack of sanitation""",,C0F3F082-2793-4C92-8B75-A908541363C2,1AA66034-0686-45E7-A6A8-EC380FE7BBF4,"https://inspections.myhealthdepartment.com/frisco/print/?task=getPrintable&path=frisco&pKey=C0F3F082-2793-4C92-8B75-A908541363C2,C0F3F082-2793-4C92-8B75-A908541363C2"
2026-09-02,INDIA BAZAAR,27,Routine,Danea Newman,Grocery,Grocery,closed or suspended at this inspection,rodents / sanitation (imminent health hazard),"""Closed due to imminent health hazard- Rodent issue and lack of sanitation.""",,86665929-2172-4DD8-890C-8FA81D44B9EE,E19186F2-A7A4-496C-A1F8-5C1BB4688FC4,"https://inspections.myhealthdepartment.com/frisco/print/?task=getPrintable&path=frisco&pKey=86665929-2172-4DD8-890C-8FA81D44B9EE,86665929-2172-4DD8-890C-8FA81D44B9EE"
2026-09-09,PEI WEI ASIAN DINER,13,Routine,Phoebe Dang,Food establishment,Asian,"closed or food prep stopped, lifted during the visit",no hot water (food prep stopped),"item 23: ""ESTABLISHMENT STOPPED PREPARING/HANDLING FOOD UNTIL HOT WATER REACHS PROPER TEMPERATURE.""",,AF15DA74-2711-4EFD-A8E7-350D07127C8D,0B9C3DDB-7AC3-4304-A6D6-0729E356B128,"https://inspections.myhealthdepartment.com/frisco/print/?task=getPrintable&path=frisco&pKey=AF15DA74-2711-4EFD-A8E7-350D07127C8D,AF15DA74-2711-4EFD-A8E7-350D07127C8D"
2026-09-15,BAHAMA BUCKS,11,Routine,Yulonda Bell,Food establishment,Ice Cream,not about a closure,business posted its own closing notice,,,43E95771-6EDE-41FB-8EB4-653217EA526B,D5A0E7B0-F213-4767-A4D3-B6BFBAF73989,"https://inspections.myhealthdepartment.com/frisco/print/?task=getPrintable&path=frisco&pKey=43E95771-6EDE-41FB-8EB4-653217EA526B,43E95771-6EDE-41FB-8EB4-653217EA526B"
2026-09-16,"FRISCO ROUGHRIDERS CONCESSION BLDG. C (#1,2)",2,Routine,Amir  Youssouf,Food establishment,Fast Food,not about a closure,"""once operations cease"" (end of day)",,,D9747BDA-FA3E-44B3-817B-8BBF3AACA69C,32D1E3F4-9631-4A83-8550-45991DF1786D,"https://inspections.myhealthdepartment.com/frisco/print/?task=getPrintable&path=frisco&pKey=D9747BDA-FA3E-44B3-817B-8BBF3AACA69C,D9747BDA-FA3E-44B3-817B-8BBF3AACA69C"
2026-09-16,PREMIER DESI DISTRICT,36,Routine,Phoebe Dang,Grocery,Grocery,closed or suspended at this inspection,roaches + failed inspection,"""CLOSE BY COF DUE TO FAILED INSPECTION AND ROACH ACTIVITY IN KITCHEN AND DRY FOOD STORAGE AREA.""",,4D6BC301-E5EA-4696-B684-D7CEFEA34160,4828C400-0A08-4471-9B0D-0EB2C5D44662,"https://inspections.myhealthdepartment.com/frisco/print/?task=getPrintable&path=frisco&pKey=4D6BC301-E5EA-4696-B684-D7CEFEA34160,4D6BC301-E5EA-4696-B684-D7CEFEA34160"
2026-09-17,PREMIER DESI DISTRICT,6,Reinspection,Phoebe Dang,Grocery,Grocery,approved to reopen (reinspection),,"""REOPENED BY COF.""",,90B343D9-6D61-48CD-A34D-66E8D59E3F6E,4828C400-0A08-4471-9B0D-0EB2C5D44662,"https://inspections.myhealthdepartment.com/frisco/print/?task=getPrintable&path=frisco&pKey=90B343D9-6D61-48CD-A34D-66E8D59E3F6E,90B343D9-6D61-48CD-A34D-66E8D59E3F6E"
2026-09-17,REGENCY CLUB AND POOL BAR,0,Routine,Bryan L Jones,Food establishment,American,not about a closure,bar closed for season,,,16DF8C83-A28D-4796-8E67-EFB88F82A0A5,E5B76728-9FD4-45B1-B272-E8C19F5BEDAF,"https://inspections.myhealthdepartment.com/frisco/print/?task=getPrintable&path=frisco&pKey=16DF8C83-A28D-4796-8E67-EFB88F82A0A5,16DF8C83-A28D-4796-8E67-EFB88F82A0A5"
2026-09-18,SRI KRISHNA VILAS,27,Routine,Danea Newman,Food establishment,Indian,not about a closure,employee ceased eating,,,0F530666-C16F-4578-9B05-B00FD0333242,404F5459-E36E-4D12-8FAA-D5763A8B27B0,"https://inspections.myhealthdepartment.com/frisco/print/?task=getPrintable&path=frisco&pKey=0F530666-C16F-4578-9B05-B00FD0333242,0F530666-C16F-4578-9B05-B00FD0333242"
2026-09-22,THE COMMON TABLE,20,Routine,Danea Newman,Food establishment,American,not about a closure,activity ceased,,,20AB7B56-3365-4342-8680-FFD2A10A8A56,5DAECCBA-4C87-45E5-9D87-D31866CE156F,"https://inspections.myhealthdepartment.com/frisco/print/?task=getPrintable&path=frisco&pKey=20AB7B56-3365-4342-8680-FFD2A10A8A56,20AB7B56-3365-4342-8680-FFD2A10A8A56"
2026-09-24,DELI NEWS,23,Routine,Danea Newman,Food establishment,Deli,closed or suspended at this inspection,no hot water,"""Closed due to lack of available hot water."" (sinks <=88F)",,90E319B6-3EA7-4FC9-9FAF-708C873787C4,1AB3F215-CCD7-4921-B2D1-B386CE707F75,"https://inspections.myhealthdepartment.com/frisco/print/?task=getPrintable&path=frisco&pKey=90E319B6-3EA7-4FC9-9FAF-708C873787C4,90E319B6-3EA7-4FC9-9FAF-708C873787C4"
